mc1,date,mc2,edition,ligue,resultat,video,commentaire,
Dony S,2010/12/11,Pen,RC 1,Rap Contenders,V,,,
Tzn,2010/12/11,Eff Gee,RC 1,Rap Contenders,D,,,
Nekfeu,2010/12/11,Logik Konstantine,RC 1,Rap Contenders,V,,,
Lunik,2010/12/11,Alpha Wann,RC 1,Rap Contenders,V,,,
Blackapar,2010/12/11,Deen Burbigo,RC 1,Rap Contenders,D,,,
Gaiden,2011/02/25,Deen Burbigo,RC 2,Rap Contenders,V,,,
Alpha Wann,2011/02/25,Blackapar,RC 2,Rap Contenders,D,,,
Filigrann,2011/02/25,Eff Gee,RC 2,Rap Contenders,V,,,
Wojtek,2011/02/25,Jazzy Bazz,RC 2,Rap Contenders,D,,,
Lunik,2011/02/25,Nekfeu,RC 2,Rap Contenders,V,https://youtu.be/PlC6Gxe1bdc,,
Vincenz,2011/07/19,Eff Gee,RC 3,Rap Contenders,V,,,
Lawid,2011/07/19,Sango,RC 3,Rap Contenders,D,,,
Res,2011/07/19,Krok,RC 3,Rap Contenders,D,,,
Gaiden,2011/07/19,Tzn,RC 3,Rap Contenders,V,,,
Lunik,2011/07/19,Suspek T,RC 3,Rap Contenders,V,,,
Deen Burbigo,2011/07/19,Taipan,RC 3,Rap Contenders,V,,,
Eech,2011/11/02,Billy Bats,RC 4,Rap Contenders,V,,,
Gaiden,2011/11/02,Lunik,RC 4,Rap Contenders,V,,,
Dinos,2011/11/02,Lawid,RC 4,Rap Contenders,D,,,
Dony S,2011/11/02,Wojtek,RC 4,Rap Contenders,D,,,
Mic Orni,2011/11/02,Madmax,RC 4,Rap Contenders,V,,,
Vincenz,2011/11/02,Taipan,RC 4,Rap Contenders,D,,,
Blackapar,2011/11/02,Sango,RC 4,Rap Contenders,V,,,
Yoshi,2011/11/02,Res,RC 4,Rap Contenders,V,,,
Kard,2012/09/16,Wojtek,RC 5,Rap Contenders,D,,,
Jazzy Bazz,2012/09/16,Gaiden,RC 5,Rap Contenders,V,,,
Crescendo,2012/09/16,Godie,RC 5,Rap Contenders,D,,,
Vincenz,2012/09/16,Marshall’ombre,RC 5,Rap Contenders,V,,,
Madmax,2012/09/16,St Saoul,RC 5,Rap Contenders,D,,,
Blackapar,2012/09/16,Yoshi,RC 5,Rap Contenders,D,,,
Sidi O,2013/06/08,Aladoum,RC 6,Rap Contenders,D,,,
Madmax,2013/06/08,Res,RC 6,Rap Contenders,D,,,
Lawid,2013/06/08,Wojtek,RC 6,Rap Contenders,D,,,
Vincenz,2013/06/08,Godie,RC 6,Rap Contenders,V,,,
Fleyo,2013/06/08,Crescendo,RC 6,Rap Contenders,V,,,
Krok,2013/06/08,Maadou,RC 6,Rap Contenders,D,,,
Blackapar,2013/06/08,Obia Le Chef,RC 6,Rap Contenders,D,,,
Gaiden,2014/01/04,Wojtek,RC 7,Rap Contenders,D,,,
Arcanes,2014/01/04,Maadou,RC 7,Rap Contenders,D,,,
Lamanif,2014/01/04,Yoshi,RC 7,Rap Contenders,V,,,
Fleyo,2014/01/04,Marshall’ombre,RC 7,Rap Contenders,V,,,
Aladoum,2014/01/04,Godie,RC 7,Rap Contenders,V,,,
Hermano,2014/01/04,Cheef,RC 7,Rap Contenders,D,,,
Louvar,2014/01/04,Enerku,RC 7,Rap Contenders,V,,,
Lamanif,2014/05/17,JCC,RC 8,Rap Contenders,D,,,
Dony S,2014/05/17,Res,RC 8,Rap Contenders,D,,,
Hermano,2014/05/17,Fleyo,RC 8,Rap Contenders,V,,,
Cheef,2014/05/17,Louvar,RC 8,Rap Contenders,D,,,
Aladoum,2014/05/17,Maadou,RC 8,Rap Contenders,D,,,
Pasteur H,2014/05/17,Tetris Syzif,RC 8,Rap Contenders,V,,,
Lawid,2014/05/17,St Saoul,RC 9,Rap Contenders,V,,,
Lamanif,2015/04/25,Cheef,RC 9,Rap Contenders,D,,,
Wojtek,2015/04/25,Maadou,RC 9,Rap Contenders,V,,,
Smoothy,2015/04/25,Zomaken,RC 9,Rap Contenders,V,,,
Marti,2015/04/25,2taf,RC 9,Rap Contenders,V,,,
Godie,2015/04/25,Enerku,RC 9,Rap Contenders,V,,,
Uno Lavoz,2015/04/25,Goodman,RC 9,Rap Contenders,P,,,
Madmax,2015/04/25,Nelson Barros,RC 9,Rap Contenders,V,,,
Louvar,2015/04/25,Vincenz,RC 9,Rap Contenders,V,,,
Marshall’ombre,2015/04/25,Aladoum,RC 9,Rap Contenders,V,,,
Hermano,2015/04/25,Freddy Gruesum,RC 9,Rap Contenders,V,,,
Wojtek,2016/01/16,Louvar,RC 10,Rap Contenders,V,,,
Cheef,2016/01/16,JCC,RC 10,Rap Contenders,V,,,
Aparzite,2016/01/16,Saminem,RC 10,Rap Contenders,D,,,
Taipan,2016/01/16,Freddy Gruesum,RC 10,Rap Contenders,V,,,
Gaiden,2016/01/16,Maadou,RC 10,Rap Contenders,D,,,
Marti,2016/01/16,Maras,RC 10,Rap Contenders,D,,,
Blackapar,2016/01/16,Hermano,RC 10,Rap Contenders,D,,,
Hermano,2016/06/19,Cheef,RC 11,Rap Contenders,V,,,
2taf,2016/06/19,Maras,RC 11,Rap Contenders,V,,,
Parano,2016/06/19,Saminem,RC 11,Rap Contenders,V,,,
Aparzite,2016/06/19,Bramzo,RC 11,Rap Contenders,V,,,
Gaiden,2016/06/19,Marshall’ombre,RC 11,Rap Contenders,V,,,
K5,2016/06/19,Mo The Fucker,RC 11,Rap Contenders,V,,,
Marti,2016/06/19,Fleyo,RC 11,Rap Contenders,V,,,
Lamanif,2016/06/19,St Saoul,RC 11,Rap Contenders,P,,,
Maadou,2017/03/05,Taipan,RC 12,Rap Contenders,N,,,
St Saoul,2017/03/05,2taf,RC 12,Rap Contenders,V,,,
Mo The Fucker,2017/03/05,Parano,RC 12,Rap Contenders,D,,,
Yoshi,2017/03/05,Aladoum,RC 12,Rap Contenders,D,,,
K5,2017/03/05,Arno,RC 12,Rap Contenders,P,,,
Aparzite,2017/03/05,Freddy Gruesum,RC 12,Rap Contenders,P,,,
Louvar,2017/03/05,Chacalcolik,RC 12,Rap Contenders,P,,,
Gaiden,2017/03/05,Marti,RC 12,Rap Contenders,V,,,
Cheef,2017/07/01,Monk-E,RC 13,Rap Contenders,V,,,
BGL,2017/07/01,Maras,RC 13,Rap Contenders,V,,,
Wojtek,2017/07/01,Hermano,RC 13,Rap Contenders,V,,,
Pasteur H,2017/07/01,Ventouz,RC 13,Rap Contenders,D,,,
K5,2017/07/01,Parano,RC 13,Rap Contenders,V,,,
Aparzite,2017/07/01,Franko Bucci,RC 13,Rap Contenders,P,,,
Mo The Fucker,2017/07/01,2taf,RC 13,Rap Contenders,V,,,
Saminem,2017/07/01,Benji,RC 13,Rap Contenders,D,,,
K5,2019/01/05,Louvar,RC 14,Rap Contenders,D,,,
Parano,2019/01/05,Maadou,RC 14,Rap Contenders,D,,,
Marti,2019/01/05,BGL,RC 14,Rap Contenders,V,,,
Mo The Fucker,2019/01/05,Parka,RC 14,Rap Contenders,P,,,
Espiway,2019/01/05,Andra,RC 14,Rap Contenders,D,,,
Cheef,2019/01/05,Marshall’ombre,RC 14,Rap Contenders,V,,,
Aladoum,2019/01/05,Ventouz,RC 14,Rap Contenders,V,,,
Slider,2019/01/05,Doc Brrown,RC 14,Rap Contenders,D,,,
Bramzo,2019/01/05,Milo Creed,RC 14,Rap Contenders,V,,,
Tifreaks,2012/05/26,Hassa mers,CP 1,Central Punch,N,,,
Najo,2012/05/26,Cooly J,CP 1,Central Punch,N,,,
Uzi,2012/05/26,Joe Natt,CP 1,Central Punch,N,,,
Pasteur H,2012/05/26,Nab'z,CP 1,Central Punch,N,,,
Cooly J,2013/03/26,Lil'Kev,CP 2,Central Punch,D,,,
Mans,2013/03/26,Nab'z,CP 2,Central Punch,D,,,
Tifreaks,2013/03/26,Lenox,CP 2,Central Punch,V,,,
Lathez,2013/03/26,Nesto,CP 2,Central Punch,V,,,
Ignorant,2013/03/26,PAL,CP 2,Central Punch,V,,,
Mr Luz,2013/03/26,K-Lyss,CP 2,Central Punch,V,,,
Tetris Syzif,2013/03/26,Zomaken,CP 2,Central Punch,V,,,
Hermano,2013/03/26,Erko,CP 2,Central Punch,V,,,
Nem,2013/11/25,Ignorant,CP 3,Central Punch,N,,,
Sixtape,2012/07/01,Dony,MSG 1,Madison Square Garden,V,,,
Tounss,2012/07/01,Di2Paz,MSG 1,Madison Square Garden,V,,,
Sixtape,2012/07/06,Ende,MSG 2,Madison Square Garden,V,,,
Ere Mith,2012/07/06,Zomaken,MSG 2,Madison Square Garden,D,,,
Maxwell,2012/07/06,Guezess,MSG 2,Madison Square Garden,V,,,
Saado,2012/07/06,Tounss,MSG 2,Madison Square Garden,V,,,
Ovni Kila,2012/11/25,Dony,MSG 3,Madison Square Garden,D,,,
Fleyo,2012/11/25,Kame Lemak,MSG 3,Madison Square Garden,V,,,
Costa,2012/11/25,Ende,MSG 3,Madison Square Garden,V,,,
Tounss,2013/02/24,Tetris Syzif,MSG 4,Madison Square Garden,D,,,
Ere Mith,2013/02/24,Gram,MSG 4,Madison Square Garden,V,,,
Stans,2013/02/24,Snoupi Diime,MSG 4,Madison Square Garden,V,,,
Lamanif,2013/07/07,Gram,MSG 5,Madison Square Garden,V,,,
Hermano,2013/07/07,Sixtape,MSG 5,Madison Square Garden,V,,,
Ende,2013/07/07,Daddy Keus,MSG 5,Madison Square Garden,V,,,
Ere Mith,2013/07/07,Tetris Syzif,MSG 5,Madison Square Garden,V,,,
Maadou,2014/01/19,Zomaken,MSG 6,Madison Square Garden,V,,,
Youm,2014/01/19,Tounss,MSG 6,Madison Square Garden,D,,,
Enerku,2014/01/19,Aladoum,MSG 6,Madison Square Garden,D,,,
Henry,2014/02/01,Asap Baye,Punch Mania 1,Punch Mania,V,,,
Alvin,2014/02/01,Ultra Z,Punch Mania 1,Punch Mania,V,,,
Lou,2014/02/01,FR,Punch Mania 1,Punch Mania,V,,,
Kero,2014/03/22,Bramzo,Punch Mania T 1,Punch Mania,P,,,
Mespri,2014/03/22,Insaisissables,Punch Mania T 1,Punch Mania,P,,,
Barox,2014/03/22,VIT,Punch Mania T 1,Punch Mania,P,,,
Peka,2014/03/22,Ruggiero,Punch Mania T 1,Punch Mania,P,,,
K-Owny,2014/05/31,Ultra Z,Punch Mania 2,Punch Mania,D,,,
Ruggiero,2014/05/31,FR,Punch Mania 2,Punch Mania,V,,,
Barox,2014/05/31,Henry,Punch Mania 2,Punch Mania,D,,,
Bramzo,2014/05/31,Mespri,Punch Mania 2,Punch Mania,V,,,
Mister Moha,2014/05/31,Asap Baye,Punch Mania 2,Punch Mania,V,,,
Barox,2014/05/31,Nem,Punch Mania 2,Punch Mania,P,,,
Lezko,2014/08/15,VIT,Punch Mania T 2,Punch Mania,P,,,
Barox,2014/08/15,Tim,Punch Mania T 2,Punch Mania,P,,,
Lezko,2014/12/13,Peka,Punch Mania 3,Punch Mania,V,,,
Yvan,2014/12/13,VIT,Punch Mania 3,Punch Mania,V,,,
Tahine,2014/12/13,Icare,Punch Mania 3,Punch Mania,V,,,
Many,2014/12/13,Kunta,Punch Mania 3,Punch Mania,D,,,
Ultra Z,2014/12/13,Henry,Punch Mania 3,Punch Mania,D,,,
Bramzo,2014/12/13,Saminem,Punch Mania 3,Punch Mania,D,,,
Yvan,2015/05/30,Tahine,Punch Mania 4,Punch Mania,V,,,
K-Owny,2015/05/30,Kunta,Punch Mania 4,Punch Mania,D,,,
Bramzo,2015/05/30,Rik T,Punch Mania 4,Punch Mania,D,,,
Saminem,2015/05/30,Barox,Punch Mania 4,Punch Mania,V,,,
Nem,2015/05/30,Lou,Punch Mania 4,Punch Mania,P,,,
Bamba,2015/05/30,Aparzite,Punch Mania 4,Punch Mania,D,,,
Yvan,2015/07/28,Achille Talent,Punch Mania T 3,Punch Mania,P,https://youtu.be/77fwUpwDdC8,Punch Mania Summer Holidays,
Lezko,2015/07/28,Henry,Punch Mania T 3,Punch Mania,P,https://youtu.be/3V4OjKCy_Q4,Punch Mania Bonus Summer,
Naary,2016/04/09,Michy,Punch Mania T 4,Punch Mania,P,,,
Phelles,2016/04/09,Spyro,Punch Mania T 4,Punch Mania,P,,,
Niente,2016/04/09,Ultra Absent,Punch Mania T 4,Punch Mania,P,,,
Skeg,2016/04/09,K-Owny,Punch Mania T 4,Punch Mania,P,,,
L-Jam,2016/04/09,Kortez,Punch Mania T 4,Punch Mania,D,,,
Lezko,2015/06/06,Bledz,Arene 1,Arene,V,,,
Mokny,2015/06/06,Hermondo,Arene 1,Arene,V,,Video jamais sortie car compliquee,
Deejizz,2015/11/21,Achille Talent,Arene 2,Arene,D,,,
Tahine,2015/11/21,Sebouc,Arene 2,Arene,V,,,
Kunta,2015/11/21,Yvan,Arene 2,Arene,D,,,
Sabri,2015/11/21,Bole Nastyvibes,Arene 2,Arene,V,,,
Lezko,2015/11/21,Jeiiem,Arene 2,Arene,D,,,
Freespirit,2015/11/21,Watson,Arene 2,Arene,D,,,
Mokny,2015/11/21,So-Freez,Arene 2,Arene,D,,,
Bramzo,2015/11/21,Barox,Arene 2,Arene,N,,,
Rik-T,2015/11/21,Peyo,Arene 2,Arene,V,,,
Kopodmo,2016/09/17,Deejizz,Arene 3,Arene,D,,,
Spyro,2016/09/17,VIT,Arene 3,Arene,V,,,
Lezko,2016/09/17,Bole Nastyvibes,Arene 3,Arene,D,,,
Sabri,2016/09/17,So-Freez,Arene 3,Arene,N,,,
YL,2016/09/17,Sebouc,Arene 3,Arene,D,,,
Jouska,2016/09/17,Naary,Arene 3,Arene,D,,,
Sabri,2017/04/22,Saminem,Arene 4,Arene,N,,,
Lezko,2017/04/22,Spyro,Arene 4,Arene,V,,,
Zeno,2017/04/22,So-Freez,Arene 4,Arene,D,,,
Naary,2017/04/22,L-Jam,Arene 4,Arene,N,,,
Across,2018/02/17,L-Jam,Arene 5,Arene,D,,,
Charlie Madd,2018/02/17,Sartre,Arene 5,Arene,D,,,
Nahimo,2018/02/17,Nilade,Arene 5,Arene,D,,,
Deejizz,2018/02/17,Delta,Arene 5,Arene,D,,,
Lezko,2018/02/17,So-Freez,Arene 5,Arene,V,,,
Naary,2018/02/17,Lyrikan,Arene 5,Arene,D,,,
Sabri,2019/01/19,Oliver Twist,Arene 6,Arene,?,,,
Sedj,2019/01/19,Mo2zo,Arene 6,Arene,?,,,
Nilade,2019/01/19,Mat Lasfalt,Arene 6,Arene,?,,,
L-Jam,2019/01/19,Achille Talent,Arene 6,Arene,?,,,
Lezko,2019/01/19,Naary,Arene 6,Arene,?,,,
Lyrikan,2015/03/28,Jack Ardi,59 Arena 1,59 Arena,D,,,
K5,2015/03/28,Pocko,59 Arena 1,59 Arena,V,,,
Deminegro,2015/03/28,Rapnivore,59 Arena 1,59 Arena,D,,,
Tsuma H,2015/04/18,Lyrikan,59 Arena 2,59 Arena,V,,,
Deminegro,2015/04/18,K5,59 Arena 2,59 Arena,D,,,
Pocko,2015/05/30,Deminegro,59 Arena 3,59 Arena,V,,,
Mr C,2015/05/30,Jay DC,59 Arena 3,59 Arena,V,,,
K5,2015/11/25,Mr C,59 Arena 4,59 Arena,V,,,
Toxik,2015/11/25,Nyls,59 Arena 4,59 Arena,V,,,
Tsuma H,2015/11/25,Lahcen Lupin,59 Arena 4,59 Arena,D,,,
Tsuma H,2016/02/21,Parano,59 Arena 5,59 Arena,D,,,
Pockman,2016/03/15,Mat Lasfalt,59 Arena C 1,59 Arena,P,,,
Saligo,2016/03/15,Fonzie,59 Arena C 1,59 Arena,P,,,
Fantom,2016/03/15,Byskred,59 Arena C 1,59 Arena,P,,,
K5,2016/09/25,Lyrikan,59 Arena Bonus,59 Arena,P,,,
Marco,2016/09/25,Byskred,59 Arena Bonus,59 Arena,V,,Compliments,
Mezgo,2016/09/25,Fantom,59 Arena Bonus,59 Arena,D,,,
Elmelo,2016/09/25,Jack Ardi,59 Arena Bonus,59 Arena,D,,,
Yvan,2016/09/25,Peyo,59 Arena Bonus,59 Arena,V,,,
Mr Horn,2017/01/21,BYJ,59 Arena C 2,59 Arena,P,,,
Weed Lantern,2017/01/21,Brother,59 Arena C 2,59 Arena,P,,,
Byskred,2017/01/21,Saligo,59 Arena C 2,59 Arena,P,,,
K5,2017/06/02,Slider,59 Arena 6,59 Arena,N,,,
Parano,2017/06/02,2taf,59 Arena 6,59 Arena,V,,,
Falkor,2017/06/02,Jack Ardi,59 Arena 6,59 Arena,D,,,
Mezgo,2017/06/02,Mat Lasfalt,59 Arena 6,59 Arena,V,,,
N Joy,2017/06/02,Spyro,59 Arena 6,59 Arena,V,,,
Delta,2017/06/02,Youm,59 Arena 6,59 Arena,V,,,
Lyrikan,2017/06/02,Andra,59 Arena 6,59 Arena,D,https://youtu.be/jNAYCHpJNrw,,
Tsuma H,2017/06/02,Nem,59 Arena 6,59 Arena,V,,,
Sixfran,2017/06/02,Chellaps,59 Arena 6,59 Arena,D,,,
Byskred,2017/06/02,Brother,59 Arena 6,59 Arena,D,,Skred vs Brother,
Lahcen Lupin,2018/04/28,Parano,59 Arena 7,59 Arena,D,,Parano gagne,
Delta,2018/04/28,Numero Zed,59 Arena 7,59 Arena,D,,,
Chellaps,2018/04/28,Kynrou,59 Arena 7,59 Arena,V,,,
Mezgo,2018/04/28,CRC,59 Arena 7,59 Arena,D,,,
Tsuma H,2018/04/28,Sabri,59 Arena 7,59 Arena,N,,,
Brother,2018/04/28,Sixfaces,59 Arena 7,59 Arena,N,,,
Mat Lasfalt,2018/04/28,Marco,59 Arena 7,59 Arena,D,,,
Jack Ardi,2018/04/28,Byskred,59 Arena 7,59 Arena,V,https://youtu.be/TTGjt04JKnk,,
Parka,2019/02/02,Tsuma H,59 Arena Bonus 2,59 Arena,V,,,
L-Jam,2019/02/02,Lyrikan,59 Arena Bonus 2,59 Arena,N,,,
Baboukas,2019/02/02,Delta,59 Arena Bonus 2,59 Arena,N,,,
Lyrix,2019/02/02,Brother,59 Arena Bonus 2,59 Arena,D,,,
Super Mar-O,2019/02/02,Mezgo,59 Arena Bonus 2,59 Arena,D,,,
Haywire,2019/02/02,B-Waine,59 Arena Bonus 2,59 Arena,V,,,
Hermes,2011/08/31,Sek-L,Fuck That 1,Fuck That,D,,,
Hermes,2011/08/31,Booker Tea,Fuck That 1,Fuck That,V,,,
Booker Tea,2011/08/31,Sossa,Fuck That 1,Fuck That,V,,,
Etla,2011/08/31,Hermes,Fuck That 1,Fuck That,D,,,
Sek-L,2011/08/31,G-No,Fuck That 1,Fuck That,V,,,
Wojtek,2011/08/31,Teiso,Fuck That 1,Fuck That,V,,,
G-no,2012/09/25,Kalaz,Fuck That A,Fuck That,V,,,
Valain Delon,2012/09/25,Lacaz,Fuck That A,Fuck That,V,,,
Kame,2012/09/25,Enerku,Fuck That A,Fuck That,D,,,
Zomaken,2012/09/25,Laffreux,Fuck That A,Fuck That,V,,,
Mans,2012/09/25,Rod,Fuck That A,Fuck That,V,,,
Ixaya,2012/09/25,Djoelloco,Fuck That A,Fuck That,V,,,
Lonirique,2012/09/25,Phonetik,Fuck That A,Fuck That,D,,,
Mr Geezy,2012/09/25,Risk1,Fuck That A,Fuck That,D,,,
Lelex Luthor,2012/09/25,2taf,Fuck That A,Fuck That,D,,,
El Deterr,2015/09/13,Josman,RON 2015,Ready Or Not,D,,,
Igee,2016/09/10,Masta,RON 2016,Ready Or Not,D,,,
Holy Moe,2016/09/10,Masta,RON 2016,Ready Or Not,V,,,
2spee Gonzales,2006/07/08,Sadek,Q54 06,Quai 54,D,,,
Sadek,2007/07/08,2spee Gonzales,Q54 07,Quai 54,V,,,
RES,2011/06/25,Kenyon,Q54 11,Quai 54,V,,,
Alpha Wann,2011/06/25,Aeme,Q54 11,Quai 54,V,,,
Lunik,2012/07/01,RES,Q54 12,Quai 54,D,,,
RES,2012/07/01,Yoshi,Q54 12,Quai 54,V,,,
Elecstrik,2011/10/17,Leustik,DFB 1,Du Flow Sur La Breizh,D,,,
K-Owny,2011/10/17,Boris D,DFB 1,Du Flow Sur La Breizh,D,,,
Kevrat,2011/10/17,Deelay,DFB 1,Du Flow Sur La Breizh,V,,,
Kevrat,2011/10/29,Boris D,DFB 1,Du Flow Sur La Breizh,V,,,
Leustik,2011/10/29,Deelay,DFB 1,Du Flow Sur La Breizh,D,,,
Leustik,2011/11/12,Keevrat,DFB 1,Du Flow Sur La Breizh,V,,,
Deelay,2011/11/12,Boris D,DFB 1,Du Flow Sur La Breizh,V,,,
Pepso,2012/02/11,Shim,DFB 2,Du Flow Sur La Breizh,V,,,
Drix,2012/02/11,James Lega,DFB 2,Du Flow Sur La Breizh,V,,,
Pack,2012/02/11,Chaman,DFB 2,Du Flow Sur La Breizh,D,,,
Enerku,2012/02/11,Smir,DFB 2,Du Flow Sur La Breizh,V,,,
Heskis,2012/02/11,Alexel,DFB 2,Du Flow Sur La Breizh,D,,,
Deelay,2012/02/11,Keevrat,DFB 2,Du Flow Sur La Breizh,V,,,
Enerku,2012/02/25,Rovazio,DFB 2,Du Flow Sur La Breizh,V,,,
Chaman,2012/02/25,Drix,DFB 2,Du Flow Sur La Breizh,D,,,
Alexel,2012/02/25,Deelay,DFB 2,Du Flow Sur La Breizh,V,,,
Enerku,2012/03/10,Alexel,DFB 2,Du Flow Sur La Breizh,D,,,
Pepso,2012/03/10,Drix,DFB 2,Du Flow Sur La Breizh,D,,,
Alexel,2012/03/24,Drix,DFB 2,Du Flow Sur La Breizh,D,,,
Maadou,2014/11/16,2taf,UC 1,Ultimate Clashers,P,,"Gagne d'apres Maadou puis finalement pas juge en video, on sait pas trop",
Bamba,2014/11/16,Kemar,UC 1,Ultimate Clashers,V,,,
Sebouc,2014/11/16,Rad,UC 1,Ultimate Clashers,V,,,
M1gro,2011/10/16,Little Sheitan,UC HS 1,Ultimate Clashers,V,,,
BKO,2012/01/11,Sixfran,UC HS 2,Ultimate Clashers,V,,,
Lacaz,2012/01/28,L-Ogan,UC HS 3,Ultimate Clashers,D,,,
Drizzy,2012/03/15,Weedy,UC HS 4,Ultimate Clashers,V,,,
Rodjo,2012/05/22,El Deterr,UC HS 5,Ultimate Clashers,D,,,
Xoer,2012/05/27,Maadou,UC HS 6,Ultimate Clashers,D,,,
Ex6t,2012/06/07,Phenix,UC HS 7,Ultimate Clashers,D,,,
2taf,2012/08/10,Youm,UC HS 8,Ultimate Clashers,V,,,
Bamba,2013/08/11,Smoothy,UC HS 9,Ultimate Clashers,D,,,
Etla,2014/05/09,Leustik,UC BT 1,Ultimate Clashers,D,https://youtu.be/kN6R_tEQo84,,
Kemar,2013/10/05,Nem,UC HS 10,Ultimate Clashers,V,,,
Riiz,2013/10/05,Lahcen Lupin,UC HS 11,Ultimate Clashers,D,,,
Bamba,2014/02/18,Lacaz,UC HS 12,Ultimate Clashers,V,,,
Kemar,2014/03/01,Smoothy,UC Extra 1,Ultimate Clashers,D,,,
Sebouc,2014/03/01,93Racho,UC HS 13,Ultimate Clashers,V,,,
Rad,2014/03/01,Mesrine,UC HS 14,Ultimate Clashers,V,,,
Riiz,2014/03/01,Little Sheitan,UC HS 15,Ultimate Clashers,D,,,
Nem,2014/03/01,Andra,UC HS 16,Ultimate Clashers,D,,,
Dan,2014/04/19,Tukeng,UC HS 17,Ultimate Clashers,D,,,
Mister J,2014/04/19,KRM,UC HS 18,Ultimate Clashers,V,,,
Kemar,2014/06/21,Youm,UC Extra 2,Ultimate Clashers,P,,,
Nrv,2016/03/26,Delta,UC HS 19,Ultimate Clashers,D,,,
Monteur Oner,2016/06/02,Parano,UC HS 20,Ultimate Clashers,D,,,
Kastt,2012/11/24,Lastar,PL 1,Punch Ligue,V,,,
Monteur Oner,2012/11/24,Djimai,PL 1,Punch Ligue,V,,,
Ano,2012/11/24,Lahcen Lupin,PL 1,Punch Ligue,D,,,
Youm,2012/11/24,L-Ogan,PL 1,Punch Ligue,V,,,
Nino Ice,2012/11/24,Joker,PL 1,Punch Ligue,V,,,
St Saoul,2013/01/26,Nino Ice,PL 2,Punch Ligue,V,,,
Monteur Oner,2013/01/26,Lahcen Lupin,PL 2,Punch Ligue,V,,,
Ano,2013/01/26,CRC,PL 2,Punch Ligue,V,,,
Youm,2013/01/26,Nat-J,PL 2,Punch Ligue,D,,,
Trefle4,2013/01/26,Kastt,PL 2,Punch Ligue,N,,,
Mesrine,2013/01/26,Arcanes,PL 2,Punch Ligue,D,,,
Godie,2013/01/26,Est-K,PL 2,Punch Ligue,P,,,
Louvar,2013/01/26,Maadou,PL 2,Punch Ligue,N,,,
CRC,2013/03/24,Fab Mesa,PL 3,Punch Ligue,D,,,
Ano,2013/03/24,Kastt,PL 3,Punch Ligue,V,,,
Das Raizer,2013/03/24,Lahcen Lupin,PL 3,Punch Ligue,D,,,
Monteur Oner,2013/03/24,Enerku,PL 3,Punch Ligue,V,,,
L-Ogan,2013/03/24,Dorian,PL 3,Punch Ligue,D,,,
Godie,2013/03/24,Maadou,PL 3,Punch Ligue,D,,,
Madmax,2013/03/24,Marshall’ombre,PL 3,Punch Ligue,D,,,
Louvar,2013/03/24,Arcanes,PL 3,Punch Ligue,N,,,
Ano,2013/07/07,Monteur Oner,PL 4,Punch Ligue,V,,,
K-Rism,2013/07/07,Bamba,PL 4,Punch Ligue,D,,,
Kastt,2013/07/07,CRC,PL 4,Punch Ligue,D,,,
Red,2013/07/07,Phenix,PL 4,Punch Ligue,D,,,
Maadou,2013/07/07,Lahcen Lupin,PL 4,Punch Ligue,V,,,
Riiz,2013/08/11,Armando,PLT 2,Punch Ligue,P,,,
KRM,2013/08/11,Mo The Fucker,PLT 2,Punch Ligue,P,,,
Bouks,2013/08/11,Aparzite,PLT 2,Punch Ligue,P,,,
Le K,2013/08/11,Nesto,PLT 2,Punch Ligue,P,,,
Ano,2013/11/09,Marshall’ombre,PL 5,Punch Ligue,D,,,
Aparzite,2013/11/09,Armando,PL 5,Punch Ligue,V,,,
Bamba,2013/11/09,Youm,PL 5,Punch Ligue,N,,,
CRC,2013/11/09,Monteur Oner,PL 5,Punch Ligue,V,,,
Lahcen Lupin,2013/11/09,Godie,PL 5,Punch Ligue,D,,,
Le K,2013/11/09,Mister Ice,PL 5,Punch Ligue,V,,,
Arcanes,2013/11/09,Witness,PL 5,Punch Ligue,D,,,
Bouks,2013/12/28,Rik T,PLT 3,Punch Ligue,P,,,
Rygal,2013/12/28,Mo The Fucker,PLT 3,Punch Ligue,P,,,
Nesto,2013/12/28,KRM,PLT 3,Punch Ligue,P,,,
Scarp,2013/12/28,Lyric,PLT 3,Punch Ligue,P,,,
Marti,2013/12/28,Flow,PLT 3,Punch Ligue,P,,,
Benji,2013/12/28,Andra,PLT 3,Punch Ligue,P,,,
Marshall’ombre,2014/03/22,Louvar,PL 6,Punch Ligue,D,,Titre,
Red,2014/03/22,Marti,PL 6,Punch Ligue,D,,,
Ano,2014/03/22,Bamba,PL 6,Punch Ligue,D,,,
Armando,2014/03/22,Benji,PL 6,Punch Ligue,V,,,
Godie,2014/03/22,Nem,PL 6,Punch Ligue,P,,,
Mo The Fucker,2014/03/22,Andra,PL 6,Punch Ligue,V,,,
Lahcen Lupin,2014/03/22,2taf,PL 6,Punch Ligue,D,,,
Aparzite,2014/03/22,Nesto,PL 6,Punch Ligue,V,,,
Slider,2014/03/22,CRC,PL 6,Punch Ligue,D,,,
Vator,2014/06/28,Bledz,PLT 4,Punch Ligue,P,,,
Kingstone,2014/06/28,Ito,PLT 4,Punch Ligue,P,,,
Tsuma H,2014/06/28,Reggy Ray,PLT 4,Punch Ligue,P,,,
Icare,2014/06/28,Cyrou,PLT 4,Punch Ligue,P,,,
Lizber,2014/06/28,Eds,PLT 4,Punch Ligue,P,,,
Keymy,2014/06/28,Bdj,PLT 4,Punch Ligue,P,,,
Scarp,2014/11/02,Slider,PL 7,Punch Ligue,D,,,
Gaiden,2014/11/02,Nem,PL 7,Punch Ligue,P,,,
CRC,2014/11/02,Aparzite,PL 7,Punch Ligue,D,,,
Red,2014/11/02,Tsuma H,PL 7,Punch Ligue,V,,,
Monteur Oner,2014/11/02,Armando,PL 7,Punch Ligue,V,,,
Benji,2014/11/02,Marti,PL 7,Punch Ligue,D,,,
Feukaz,2015/01/25,Lizber,PLT 5,Punch Ligue,P,,,
Cesar,2015/01/25,Alister,PLT 5,Punch Ligue,P,,,
Ito,2015/01/25,Kava,PLT 5,Punch Ligue,P,,,
Souverain,2015/01/25,Paradoxal,PLT 5,Punch Ligue,P,,,
Yessouf,2015/01/25,Reggy Ray,PLT 5,Punch Ligue,P,,,
Benji,2015/01/25,Maadou,PLT 5,Punch Ligue,P,,,
Godie,2015/03/29,CRC,PLT 6,Punch Ligue,P,,Compliments,
Mirsa,2015/03/29,Little,PLT 6,Punch Ligue,P,,,
Alister,2015/03/29,Lezko,PLT 6,Punch Ligue,P,,,
Cesar,2015/03/29,Souverain,PLT 6,Punch Ligue,P,,,
Mental,2015/03/29,Parano,PLT 6,Punch Ligue,P,,,
Ito,2015/03/29,Ganjo,PLT 6,Punch Ligue,P,,,
Feukaz,2015/03/29,Yessouf,PLT 6,Punch Ligue,P,,,
Maadou,2015/06/21,Suspek-T,PL 8,Punch Ligue,P,,,
Kava,2015/06/21,Armando,PL 8,Punch Ligue,P,,,
Slider,2015/06/21,Monteur Oner,PL 8,Punch Ligue,P,,,
2taf,2015/06/21,Benji,PL 8,Punch Ligue,P,,,
Parano,2015/06/21,Ganjo,PL 8,Punch Ligue,P,,,
Feukaz,2015/06/21,CRC,PL 8,Punch Ligue,P,,,
Yessouf,2015/06/21,Little,PL 8,Punch Ligue,P,,,
JCC,2015/06/21,Fleyo,PL 8,Punch Ligue,P,,,
Lamanif,2015/06/21,Marti,PL 8,Punch Ligue,P,,,
Lyrikan,2016/01/24,Mezgo,PLT 7,Punch Ligue,P,,,
Dome,2016/01/24,Kemar,PLT 7,Punch Ligue,P,,,
Lord Romeo,2016/01/24,Lou,PLT 7,Punch Ligue,P,,,
MC Kopat,2016/01/24,K5,PLT 7,Punch Ligue,P,,Franko gagne,
CRC,2016/03/26,Franko Bucci,PL 9,Punch Ligue,P,https://youtu.be/DjmIhAqtBNc,Franko gagne,
Lahcen Lupin,2016/03/26,Yessouf,PL 9,Punch Ligue,P,,,
Fab Mesa,2016/03/26,Monteur Oner,PL 9,Punch Ligue,P,,,
Kemar,2016/03/26,K5,PL 9,Punch Ligue,P,,,
Godie,2016/03/26,Arno,PL 9,Punch Ligue,P,,,
Parano,2016/03/26,Feukaz,PL 9,Punch Ligue,P,,,
Aparzite,2016/03/26,Monk-E,PL 9,Punch Ligue,P,,,
Riddler,2016/06/05,Dh2o,PLT 8,Punch Ligue,P,,,
La Karabine,2016/06/05,Alister,PLT 8,Punch Ligue,P,,,
Mezgo,2016/06/05,Dng,PLT 8,Punch Ligue,P,,,
Feukaz,2016/09/18,Monteur Oner,PL 10,Punch Ligue,D,,,
La Karabine,2016/09/18,Lyrikan,PL 10,Punch Ligue,V,,,
CRC,2016/09/18,Tsuma H,PL 10,Punch Ligue,V,,,
Slider,2016/09/18,Fleyo,PL 10,Punch Ligue,V,,,
K5,2016/09/18,J7,PL 10,Punch Ligue,P,,,
Louvar,2016/09/18,Woodman,PL 10,Punch Ligue,P,,,
Slider,2018/07/01,Lahcen Lupin,PL 11,Punch Ligue,P,,,
La Karabine,2018/07/01,Chellaps,PL 11,Punch Ligue,P,,,
CRC,2018/07/01,Parano,PL 11,Punch Ligue,P,,,
Gaiden,2018/07/01,K5,PL 11,Punch Ligue,P,,,
JCC,2018/07/01,Louvar,PL 11,Punch Ligue,P,,,
Ventouz,2014/11/05,Peyo,PA 1,Punch Airline,V,,Date edition ?,
SMK,2014/12/06,Ventouz,PA 3,Punch Airline,V,,,
Proko,2014/12/06,Paradoxe,PA 3,Punch Airline,D,,,
Menphis,2014/12/06,YL,PA 3,Punch Airline,D,,,
Peyo,2014/12/06,Doc,PA 3,Punch Airline,V,,,
Ventouz,2015/03/21,Saminem,PA 4,Punch Airline,D,,,
Peyo,2015/03/21,SMK,PA 4,Punch Airline,V,,,
ISK,2015/03/21,Proko,PA 4,Punch Airline,D,,,
Menphis,2015/03/21,Sixfaces,PA 4,Punch Airline,D,,,
Kynrou,2016/07/09,Triple V,PA 5,Punch Airline,V,,,
Le Patissier,2016/07/09,Deejizz,PA 5,Punch Airline,V,,,
Deo Punchline,2016/07/09,Ventouz,PA 5,Punch Airline,D,,,
Baboukas,2016/07/09,Bongo,PA 5,Punch Airline,N,,,
Menphis,2016/07/09,Walt Diskett,PA 5,Punch Airline,D,,,
Sixfran,2016/07/09,Tsuma H,PA 5,Punch Airline,D,,,
Kynrou,2015/09/05,Sixfran,PA Province 1,Punch Airline,V,,,
Le Patissier,2015/09/05,Socrate,PA Province 1,Punch Airline,V,,,
Esope,2015/09/05,Alphonse,PA Province 1,Punch Airline,D,,,
Bongo,2015/09/05,Paradoxe,PA Province 1,Punch Airline,D,,,
Menphis,2015/09/05,Deo Punchline,PA Province 1,Punch Airline,V,,,
Airjee,2015/09/05,Delta,PA Province 1,Punch Airline,V,,,
Proko,2015/12/05,Sixfran,PA Province 2,Punch Airline,D,,,
Marco,2015/12/05,Homer K,PA Province 2,Punch Airline,D,,,
Bongo,2015/12/05,Le Patissier,PA Province 2,Punch Airline,D,,,
Pacman X,2015/12/05,Sopalone,PA Province 2,Punch Airline,D,,,
FeuO2,2015/12/05,Triple V,PA Province 2,Punch Airline,D,,,
Enerku,2016/01/10,Feukaz,PA Bordeaux,Punch Airline,V,,,
Blumel,2016/01/10,Sixfaces,PA Bordeaux,Punch Airline,D,,,
Charly,2016/01/10,Deejizz,PA Bordeaux,Punch Airline,V,,,
Esope,2016/01/10,Tahine,PA Bordeaux,Punch Airline,D,,,
Kynrou,2016/04/30,Sixfaces,PA Toulon,Punch Airline,V,,,
Le Patissier,2016/04/30,Iokanaan,PA Toulon,Punch Airline,V,,,
Moucham,2016/04/30,Esope,PA Toulon,Punch Airline,N,,"Annulation de Sisalah, battle pas juge",
Dirlo,2016/04/30,BGL,PA Toulon,Punch Airline,V,,,
Watson,2016/04/30,MC Odyse,PA Toulon,Punch Airline,N,,"Battle impro, pas juge",
White LTS,2016/04/30,ROS,PA Toulon,Punch Airline,D,,,
Pacman X,2016/04/30,Jumbo,PA Toulon,Punch Airline,V,,,
Skeg,2016/04/30,Weedle,PA Toulon,Punch Airline,V,,,
Blumel,2016/04/30,Sopalone,PA Toulon,Punch Airline,V,,,
Milo Creed,2016/09/17,Sixfaces,PA Province 3,Punch Airline,V,,,
Super Mar-O,2016/09/17,Paradoxe,PA Province 3,Punch Airline,V,,,
BGL,2016/09/17,Mister J,PA Province 3,Punch Airline,V,,,
Sabri,2015/08/01,VIT,A Draft 1,Arene,P,,,
Jeiiem,2015/08/01,Jouska Watts,A Draft 1,Arene,P,,,
Olive Brune,2015/08/01,Deejizz,A Draft 1,Arene,P,,,
Spyro,2016/01/09,Michy,A Draft 2,Arene,V,,,
Naary,2016/01/09,Mas-B,A Draft 2,Arene,V,,,
VIT,2016/01/09,Sola,A Draft 2,Arene,V,,,
Sabri,2016/01/09,Lezko,A Draft 2,Arene,P,,Compliments,
Jouska,2016/01/09,Sopalone,A Draft 2,Arene,P,,,
Ace,2016/03/19,Phelles,A Draft 3,Arene,D,,,
Steam,2016/03/19,VIT,A Draft 3,Arene,D,,,
Sabri,2016/03/19,Spyro,A Draft 3,Arene,P,,Promo,
Nem,2016/05/28,Pep,A Concept,Arene,P,,,
Kopodmo,2016/05/28,Jul-Lee,A Concept,Arene,P,,Compliments,
Sabri,2016/05/28,YL,A Concept,Arene,P,,,
Walon,2016/11/19,Faltek,A Draft 4,Arene,V,,,
Across,2016/11/19,Phelles,A Draft 4,Arene,V,,,
Kmouz,2016/11/19,Sartre,A Draft 4,Arene,D,,,
Tukeng,2016/11/19,Fenter,A Draft 4,Arene,V,,,
Sarkasm,2017/02/25,Yamcha,A Draft 5,Arene,V,,,
Faltek,2017/02/25,Phelles,A Draft 5,Arene,D,,,
Across,2017/02/25,Zeno,A Draft 5,Arene,V,,,
Rouwge,2017/05/20,Nilade,A Draft 6,Arene,D,,,
Skiziz,2017/05/20,Fenter,A Draft 6,Arene,D,,,
Sarkasm,2017/05/20,Sartre,A Draft 6,Arene,D,,,
Trane Wolfgang,2017/05/20,Nahimo,A Draft 6,Arene,V,,,
Lezko,2017/05/20,Sixfaces,A Draft 6,Arene,D,,,
Fuyuz,2017/10/07,Sedj,A Draft 7,Arene,P,,2 annulations donnent un battle promo,
Skiziz,2017/10/07,Naku,A Draft 7,Arene,N,,,
Sarkasm,2017/10/07,Rouwge,A Draft 7,Arene,V,,,
Sabri,2017/10/07,Naary,A Draft 7,Arene,P,,,
Yamcha,2017/12/02,Skiziz,A Draft 7 2,Arene,V,,,
Mo2zo,2017/12/02,Rouwge,A Draft 7 2,Arene,V,,,
Lezko,2017/12/02,Lyrix,A Draft 7 2,Arene,P,,,
Naku,2017/12/02,Fuyuz,A Draft 7 2,Arene,D,,,
Sedj,2017/12/02,Nemavo,A Draft 7 2,Arene,D,,,
VIT,2019/03/23,Marco,A Tryout,Arene,?,,,
Jej,2019/03/23,MC Jo Hell,A Tryout,Arene,?,,,
Od,2019/03/23,Zema,A Tryout,Arene,?,,,
Eris,2019/03/23,Thibaud Agoston,A Tryout,Arene,?,,,
Deel,2019/03/23,Bishop,A Tryout,Arene,?,,,
Mr Ice,2012/06/27,Senamo,ABBC 1,Acappella Belgium Battle Contest,V,,,
Slider,2012/06/27,Neshga,ABBC 1,Acappella Belgium Battle Contest,D,,,
Tyron,2012/06/27,Jeanjass,ABBC 1,Acappella Belgium Battle Contest,D,,,
Scribe,2012/06/27,Caballero,ABBC 1,Acappella Belgium Battle Contest,D,,,
Bps,2012/06/27,Patee Gee,ABBC 1,Acappella Belgium Battle Contest,D,,,
Tsar,2012/06/27,Enfant Du Mic,ABBC 1,Acappella Belgium Battle Contest,D,,,
J-Myk,2012/06/27,Rwz,ABBC 1,Acappella Belgium Battle Contest,V,,,
Aeme,2012/06/27,Ysha,ABBC 1,Acappella Belgium Battle Contest,D,,,
Patee Gee,2012/11/30,Neshga,ABBC 2,Acappella Belgium Battle Contest,D,,,
Mister Ice,2012/11/30,Caballero,ABBC 2,Acappella Belgium Battle Contest,D,,,
Slider,2012/11/30,Esemka,ABBC 2,Acappella Belgium Battle Contest,V,,,
Ysha,2012/11/30,Enfant Du Mic,ABBC 2,Acappella Belgium Battle Contest,V,,,
Fakir,2012/11/30,Flo,ABBC 2,Acappella Belgium Battle Contest,V,,,
J-Myk,2012/11/30,Jeanjass,ABBC 2,Acappella Belgium Battle Contest,D,,,
Gambitt,2012/11/30,Itlk,ABBC 2,Acappella Belgium Battle Contest,V,,,
Rebel,2012/11/30,Senamo,ABBC 2,Acappella Belgium Battle Contest,D,,,
Morenz Nino,2015/04/04,Dome,ABBC T1,Acappella Belgium Battle Contest,P,,,
Patee Gee,2015/04/04,Romeo Elvis,ABBC T1,Acappella Belgium Battle Contest,P,,,
Rukfa,2015/04/04,Lord Romeo,ABBC T1,Acappella Belgium Battle Contest,P,,,
MC Kopat,2015/04/04,Paradoxal,ABBC T1,Acappella Belgium Battle Contest,P,,,
Dng,2015/04/04,Tao,ABBC T1,Acappella Belgium Battle Contest,P,,,
Darwin,2015/04/04,Riddler,ABBC T1,Acappella Belgium Battle Contest,P,,,
Dome,2015/07/18,Parano,ABBC T2,Acappella Belgium Battle Contest,P,,,
Mezgo,2015/07/18,Riddler,ABBC T2,Acappella Belgium Battle Contest,P,,,
Lord Romeo,2015/07/18,Dng,ABBC T2,Acappella Belgium Battle Contest,P,,,
Morenz,2015/07/18,Paradoxal,ABBC T2,Acappella Belgium Battle Contest,P,,,
Parka,2019/03/09,Slider,ABBC T3,Acappella Belgium Battle Contest,P,,,
Le Pan,2019/03/09,Mot Dit,ABBC T3,Acappella Belgium Battle Contest,P,,,
Thomas JLB,2019/03/09,Riddler,ABBC T3,Acappella Belgium Battle Contest,P,,,
El Professor,2019/03/09,Letudiant,ABBC T3,Acappella Belgium Battle Contest,P,,,
Trafka,2019/03/09,Horris,ABBC T3,Acappella Belgium Battle Contest,P,,,
Darwin,2019/03/09,Lord Romeo,ABBC T3,Acappella Belgium Battle Contest,P,,,
Mezgo,2017/01/14,Delta,ABBC 3,Acappella Belgium Battle Contest,D,,,
Yessouf,2017/01/14,MC Kopat,ABBC 3,Acappella Belgium Battle Contest,D,,,
Slider,2017/01/14,St Saoul,ABBC 3,Acappella Belgium Battle Contest,P,,,
CRC,2017/01/14,Lyrikan,ABBC 3,Acappella Belgium Battle Contest,V,,,
Parano,2017/01/14,Enerku,ABBC 3,Acappella Belgium Battle Contest,V,,,
Mezgo,2018/01/13,Tsuma H,ABBC 4,Acappella Belgium Battle Contest,V,,,
Paradoxal,2018/01/13,Lord Romeo,ABBC 4,Acappella Belgium Battle Contest,V,,,
MC Kopat,2018/01/13,Patee Gee,ABBC 4,Acappella Belgium Battle Contest,D,,,
Mister J,2018/01/13,Sixfaces,ABBC 4,Acappella Belgium Battle Contest,D,https://youtu.be/mTwwk-uhjpM,Mj vs Sixfaces,
CRC,2018/10/13,Brother,ABBC 5,Acappella Belgium Battle Contest,V,,,
Nesto,2018/10/13,Mezgo,ABBC 5,Acappella Belgium Battle Contest,D,,,
Lenfant du Mic,2018/10/13,MC Kopat,ABBC 5,Acappella Belgium Battle Contest,V,,,
Paradoxal,2018/10/13,Riddler,ABBC 5,Acappella Belgium Battle Contest,N,,,
Yessouf,2018/10/13,Tsuma H,ABBC 5,Acappella Belgium Battle Contest,V,,,
Sartre,2018/10/13,Marco,ABBC 5,Acappella Belgium Battle Contest,D,,,
Watson,2016/01/23,No2,SBL 1,Swiss Battlerap League,V,,,
Akolit-O-Mic,2016/01/23,Niente,SBL 1,Swiss Battlerap League,V,,Un nom c’est Niente,
JRM,2016/01/23,Kortez,SBL 1,Swiss Battlerap League,D,,,
Freespirit,2016/01/23,Warner,SBL 1,Swiss Battlerap League,V,,,
Lasnik,2016/01/23,Jems,SBL 1,Swiss Battlerap League,D,,,
Ya2s,2016/01/23,MC Louziano,SBL 1,Swiss Battlerap League,V,,,
Nirmou,2016/05/07,Laszlo,SBL HS 1,Swiss Battlerap League,D,,,
Dibby,2016/05/07,Ritalino,SBL HS 1,Swiss Battlerap League,V,,,
Dizzy,2016/05/07,Spyro,SBL HS 1,Swiss Battlerap League,D,,,
Djeem,2016/05/07,Marco,SBL HS 1,Swiss Battlerap League,V,,,
JRM,2016/05/07,Akolit-O-Mic,SBL HS 1,Swiss Battlerap League,P,,,
Niente,2016/12/03,Kortez,SBL HS 2,Swiss Battlerap League,P,,,
Walon,2016/12/03,Renard,SBL HS 2,Swiss Battlerap League,P,,,
Deo Punchline,2017/06/16,Das Raizer,SBL 2,Swiss Battlerap League,P,,,
Ritalino,2017/06/16,Kortez,SBL 2,Swiss Battlerap League,D,,,
Watson,2017/06/16,Dibby,SBL 2,Swiss Battlerap League,P,,,
Djeem,2017/06/16,Akolit-O-Mic,SBL 2,Swiss Battlerap League,D,,,
Laszlo,2017/06/16,Marco,SBL 2,Swiss Battlerap League,V,,Controverse,
Iokanaan,2016/03/05,Cezur,SF D1,Script Fighters,V,,,
Marco,2016/03/05,Sanko,SF D1,Script Fighters,V,,,
Milo Creed,2016/03/05,Kirikou,SF D1,Script Fighters,V,,,
Mamt,2016/03/05,Arzul,SF D1,Script Fighters,V,,,
Veipse,2016/03/05,Phelles,SF D1,Script Fighters,V,,,
Airjee,2016/03/05,Baby Black,SF D1,Script Fighters,V,,,
Tomtom,2016/06/11,Super Mar-O,SF1,Script Fighters,D,,,
Veipse,2016/06/11,Marco,SF1,Script Fighters,D,,,
Djan Djanit,2016/06/11,Phelles,SF1,Script Fighters,V,,,
Iokanaan,2016/06/11,Airjee,SF1,Script Fighters,V,,Titre,
Super Mar-O,2016/10/21,Phelles,SF D2,Script Fighters,V,,,
Mad Loc,2016/10/21,Slam Dog,SF D2,Script Fighters,V,,,
Veipse,2016/10/21,Kynrou,SF D2,Script Fighters,P,,,
Klorphen,2018/06/16,Tomtom,SF2,Script Fighters,D,,,
Super Mar-O,2018/06/16,Baboukas,SF2,Script Fighters,V,,,
Eris,2018/06/16,Phelles,SF2,Script Fighters,D,,,
Numero Zed,2018/06/16,Sixfaces,SF2,Script Fighters,D,,,
Manof Good,2018/06/16,Kynrou,SF2,Script Fighters,P,,,
Doc Brrown,2018/06/16,Airjee,SF2,Script Fighters,V,,Main Event,
Rouge,2018/10/20,Marlibi,SF D3,Script Fighters,V,,,
La Guepe,2018/10/20,Klorphen,SF D3,Script Fighters,V,,,
Abia,2018/10/20,Vigor,SF D3,Script Fighters,V,,,
Grand Cormoran,2018/10/20,Bishop,SF D3,Script Fighters,V,,,
Maras ,2018/10/20,Manof Good,SF D3,Script Fighters,P,,,
Olive Brune,2018/10/20,Marco,SF D3,Script Fighters,D,,,
Tetris,2011/09/11,Ladea,RC Sud 1,Rap Contenders,D,,,
Def,2011/09/11,Urikan,RC Sud 1,Rap Contenders,D,,,
Lamanif,2011/09/11,Zicler,RC Sud 1,Rap Contenders,V,,,
Jiddy Vibzz,2011/09/11,Laylow,RC Sud 1,Rap Contenders,V,,,
Njoy,2016/10/08,MC Porto,RC Sud 2,Rap Contenders,P,,,
Mo The Fucker,2016/10/08,Baboukas,RC Sud 2,Rap Contenders,P,,,
Olive Brune,2016/10/08,Rovazio,RC Sud 2,Rap Contenders,P,,,
Fleyo,2016/10/08,Tahine,RC Sud 2,Rap Contenders,P,,,
Maadou,2016/10/08,St Saoul,RC Sud 2,Rap Contenders,P,,,
L Jam,2016/10/08,Yougoss,RC Sud 2,Rap Contenders,P,,,
Rik T,2016/10/08,Enerku,RC Sud 2,Rap Contenders,P,,,
Maadou,2017/09/09,Maras,RC Sud 3,Rap Contenders,V,,,
Aca,2017/09/09,Sidya,RC Sud 3,Rap Contenders,N,,,
Oliver Twist,2017/09/09,Elios,RC Sud 3,Rap Contenders,V,,,
Zema,2017/09/09,Deel,RC Sud 3,Rap Contenders,D,,,
Rik T,2017/09/09,Youm,RC Sud 3,Rap Contenders,V,,,
Hitch Cock,2017/09/09,Major Zero,RC Sud 3,Rap Contenders,V,,,
Walls,2017/09/09,Church,RC Sud 3,Rap Contenders,V,,,
Enerku,2013/02/23,Arcanes,RC Espoir 1,Rap Contenders,P,,,
Fenix,2013/02/23,Nem,RC Espoir 1,Rap Contenders,P,,,
Sidi O,2013/02/23,Fleyo,RC Espoir 1,Rap Contenders,P,,,
Bnabz,2013/02/23,Lenox,RC Espoir 1,Rap Contenders,P,,,
Runo,2013/10/10,Lamanif,RC Espoir 2,Rap Contenders,P,,Date ?,
Hermano,2013/10/10,Louvar,RC Espoir 2,Rap Contenders,P,,Date ?,
Infinit,2013/10/10,Cheef,RC Espoir 2,Rap Contenders,P,,Date ?,
Gram,2013/10/10,Nem,RC Espoir 2,Rap Contenders,P,,"Controverse (Nem corps), date ?",
2taf,2013/10/10,Slider,RC Espoir 2,Rap Contenders,P,,Date ?,
Enerku,2013/10/10,Tetris Syzif,RC Espoir 2,Rap Contenders,P,,,
Aparzite,2015/09/12,Ventouz,RC Espoir 3,Rap Contenders,P,,,
Maras,2015/09/12,Monteur Oner,RC Espoir 3,Rap Contenders,P,,,
Saminem,2015/09/12,Kava,RC Espoir 3,Rap Contenders,P,,,
Bramzo,2015/09/12,Parano,RC Espoir 3,Rap Contenders,P,,,
CRC,2015/09/12,Rik T,RC Espoir 3,Rap Contenders,P,,,
Slider,2015/09/12,Feukaz,RC Espoir 3,Rap Contenders,P,,,
Peyo,2015/09/12,Lou,RC Espoir 3,Rap Contenders,P,,,
Ben Oncle,2015/09/12,Mo The Fucker,RC Espoir 3,Rap Contenders,P,,,
Big Mak,2015/09/12,Tsuma H,RC Espoir 3,Rap Contenders,P,,,
Kynrou,2017/04/08,Watson,RC Espoir 4,Rap Contenders,P,,,
BGL,2017/04/08,Dibby,RC Espoir 4,Rap Contenders,P,,,
Ventouz,2017/04/08,Djeem,RC Espoir 4,Rap Contenders,P,,,
Tahine,2017/04/08,Fantom,RC Espoir 4,Rap Contenders,P,,,
Olive Brune,2017/04/08,Das Raizer,RC Espoir 4,Rap Contenders,P,,,
FLR,2017/04/08,Menphis,RC Espoir 4,Rap Contenders,P,,,
Delta,2018/12/02,Dirty Dan,RC Espoir 5,Rap Contenders,P,,Date ?,
Espiway,2018/12/02,Wals,RC Espoir 5,Rap Contenders,P,,,
Milo Creed,2018/12/02,Doc Brrown,RC Espoir 5,Rap Contenders,P,,,
Triple V,2018/12/02,Slider,RC Espoir 5,Rap Contenders,P,,,
Numero Zed,2018/12/02,Walt Diskett,RC Espoir 5,Rap Contenders,P,,,
Youm,2018/12/02,Ice Kid,RC Espoir 5,Rap Contenders,P,,,
Hugo,2018/12/02,Chellaps,RC Espoir 5,Rap Contenders,P,,,
Fantom,2018/12/02,Deo Punchline,RC Espoir 5,Rap Contenders,P,,,
Gram,2014/12/20,Marti,RC Tournoi,Rap Contenders,D,,,
CRC,2014/12/20,Nelson Barros,RC Tournoi,Rap Contenders,V,https://youtu.be/_Dpkp18aWAs,,
Smoothy,2014/12/20,Monteur Oner,RC Tournoi,Rap Contenders,V,,,
Zomaken,2014/12/20,Slider,RC Tournoi,Rap Contenders,V,,"Controverse (boycott, temps)",
Bamba,2014/12/20,Red,RC Tournoi,Rap Contenders,V,,,
Nem,2014/12/20,Pitagore,RC Tournoi,Rap Contenders,V,,,
2taf,2014/12/20,Stermah,RC Tournoi,Rap Contenders,V,,,
Marti,2015/01/24,Aparzite,RC Tournoi,Rap Contenders,V,,,
Smoothy,2015/01/24,CRC,RC Tournoi,Rap Contenders,V,,,
Zomaken,2015/01/24,Bamba,RC Tournoi,Rap Contenders,V,,,
Nem,2015/01/24,2taf,RC Tournoi,Rap Contenders,D,,,
2taf,2015/03/21,Zomaken,RC Tournoi,Rap Contenders,V,,,
Marti,2015/03/21,Smoothy,RC Tournoi,Rap Contenders,V,,,
Marti,2015/04/25,2taf,RC Tournoi,Rap Contenders,V,,,
Wojtek,2011/01/10,Kof,RC Draft 1,Rap Contenders,P,,Date ?,
Dinos,2011/01/10,Nal,RC Draft 1,Rap Contenders,P,,Date ?,
Guizmo,2011/01/10,Aronstrong,RC Draft 1,Rap Contenders,P,,Date ?,
Beeby,2011/01/10,Saro,RC Draft 1,Rap Contenders,P,,Date ?,
Sneazzy,2011/01/10,Amaz,RC Draft 1,Rap Contenders,P,,,
Jiddy Vibzz,2011/04/02,Bobby MC,RC Draft 2,Rap Contenders,P,,,
Stermah,2011/04/02,Res,RC Draft 2,Rap Contenders,P,,,
Youm,2011/04/02,Dombre,RC Draft 2,Rap Contenders,P,,,
Pandor,2011/04/02,Meksa,RC Draft 2,Rap Contenders,P,,,
Sharks,2011/04/02,Vincenz,RC Draft 2,Rap Contenders,P,,,
Krok,2011/04/02,Saro,RC Draft 2,Rap Contenders,P,,,
Esko,2011/04/02,FSS,RC Draft 2,Rap Contenders,P,,,
PLB,2011/09/24,Incisyf,RC Draft 3,Rap Contenders,P,,Date ?,
Mr Freeze,2011/09/24,Dinos,RC Draft 3,Rap Contenders,P,,Date ?,
Nino,2011/09/24,Dercko,RC Draft 3,Rap Contenders,P,,Date ?,
Luidji,2011/09/24,Versavice,RC Draft 3,Rap Contenders,P,,Date ?,
PLB,2012/01/29,FSS,RC Draft 4,Rap Contenders,P,,,
Godie,2012/01/29,Mr Freeze,RC Draft 4,Rap Contenders,P,,,
Marshall’ombre,2012/01/29,Stermah,RC Draft 4,Rap Contenders,P,,,
Enerku,2012/01/29,Rebel,RC Draft 4,Rap Contenders,P,,,
Lenox,2012/01/29,Crescendo,RC Draft 4,Rap Contenders,P,,,
Youm,2012/01/29,Nino Ice,RC Draft 4,Rap Contenders,P,,,
Kof,2012/07/08,Maak,RC Draft 5,Rap Contenders,P,,,
Urikan,2012/07/08,Youm,RC Draft 5,Rap Contenders,P,,,
Godie,2012/07/08,Incizif,RC Draft 5,Rap Contenders,P,,,
Crissy J,2012/07/08,L-Ogan,RC Draft 5,Rap Contenders,P,,,
Lenox,2012/07/08,Enerku,RC Draft 5,Rap Contenders,P,,,
PLB,2012/07/08,Crescendo,RC Draft 5,Rap Contenders,P,,,
Nino Ice,2012/07/08,Versavice,RC Draft 5,Rap Contenders,P,,,
Pitagor,2014/03/30,Andra,RC Draft 6,Rap Contenders,P,,,
Sans,2014/03/30,MH,RC Draft 6,Rap Contenders,P,,,
Smoothy,2014/03/30,Nesto,RC Draft 6,Rap Contenders,P,,,
Tolerance Hero,2014/03/30,Nelson Barros,RC Draft 6,Rap Contenders,P,,,
Bandicoot,2014/03/30,Docteur X,RC Draft 6,Rap Contenders,P,,,
Jimmy Cena,2014/03/30,Ice Kid,RC Draft 6,Rap Contenders,P,,,
Del Clow,2014/03/30,Fab Mesa,RC Draft 6,Rap Contenders,P,,,
Baboukas,2015/03/10,Monsi,RC Draft 7,Rap Contenders,P,https://youtu.be/F-TStf2C8OA,Date ?,
Titan,2015/03/10,Jimmy Cena,RC Draft 7,Rap Contenders,P,https://youtu.be/29Ekd7qaz4w,Date ?,
Big Mak,2015/03/10,Le Baron,RC Draft 7,Rap Contenders,P,https://youtu.be/PnF0Eu0vemc,Date ?,
Jimidjee,2016/02/06,Don Cino,RC Draft 8,Rap Contenders,P,,,
No-Ar,2016/02/06,Jimmy Cena,RC Draft 8,Rap Contenders,P,,,
Mister J,2016/02/06,Leustik,RC Draft 8,Rap Contenders,P,,,
Blaster,2016/02/06,Kemar,RC Draft 8,Rap Contenders,P,,,
Baboukas,2016/02/06,Baby Black,RC Draft 8,Rap Contenders,P,,,
Fatsam,2016/02/06,Le patissier,RC Draft 8,Rap Contenders,P,,,
Bandictoot,2016/02/06,Kizkill,RC Draft 8,Rap Contenders,P,https://youtu.be/R3ASsREQrxI,,
Mas,2011/07/23,Esko,RC Est 1,Rap Contenders,D,,,
Keydou,2011/07/23,Blackapar,RC Est 1,Rap Contenders,V,,,
Kennaden,2011/07/23,Mesrine,RC Est 1,Rap Contenders,V,,,
Rebel,2011/07/23,Nino Ice,RC Est 1,Rap Contenders,N,,,
Madmax,2011/07/23,Tonino,RC Est 1,Rap Contenders,V,,,
Godie,2011/07/23,Monteur Oner,RC Est 1,Rap Contenders,V,,,
Watson,2016/11/12,Achille Talent,RC Est 2,Rap Contenders,P,,,
Saminem,2016/11/12,Slider,RC Est 2,Rap Contenders,P,,,
K5,2016/11/12,2taf,RC Est 2,Rap Contenders,P,,,
Bramzo,2016/11/12,Kemar,RC Est 2,Rap Contenders,P,,,
Das Raizer,2016/11/12,Charlie Madd,RC Est 2,Rap Contenders,P,,,
Jumbo,2016/11/12,Mister Tiff,RC Est 2,Rap Contenders,P,,,
Sartre,2016/11/12,Spyro,RC Est 2,Rap Contenders,P,,,
Ros,2016/11/12,Fatlek,RC Est 2,Rap Contenders,P,,,
La Karabine,2016/11/12,Kopodmo,RC Est 2,Rap Contenders,P,,,
Sebouc,2016/11/12,Ice Kid,RC Est 2,Rap Contenders,P,,,
Moucham,2016/11/12,Rman,RC Est 2,Rap Contenders,P,,,
Bramzo,2017/10/14,Fleyo,RC Est 3,Rap Contenders,P,,,
Watson,2017/10/14,Baboukas,RC Est 3,Rap Contenders,P,,,
Andra,2017/10/14,Deejizz,RC Est 3,Rap Contenders,P,,,
Das Raizer,2017/10/14,Barox,RC Est 3,Rap Contenders,P,,,
Sartre,2017/10/14,Espiway,RC Est 3,Rap Contenders,P,,,
Le L,2017/10/14,Cesar,RC Est 3,Rap Contenders,P,,,
Trane Wolfgang,2017/10/14,Dairbon,RC Est 3,Rap Contenders,P,,,
MK,2017/10/14,Mo2zo,RC Est 3,Rap Contenders,P,,,
Numero Zed,2016/12/10,Kynrou,RC Ouest Draft 1,Rap Contenders,P,https://youtu.be/_gy3FUxGhEM,,
JOR,2016/12/10,Airjee,RC Ouest Draft 1,Rap Contenders,P,https://youtu.be/tpk-SeNZ-dc,,
Sixfran,2016/12/10,Sixfaces,RC Ouest Draft 1,Rap Contenders,P,,,
Marco,2016/12/10,Leustik,RC Ouest Draft 1,Rap Contenders,P,,Marco vs Adn1konu,
Klorphen,2016/12/10,Manof Good,RC Ouest Draft 1,Rap Contenders,P,,,
BYJ,2016/12/10,Mister J,RC Ouest Draft 1,Rap Contenders,P,,,
Milo Creed,2016/12/10,Super Mar-O,RC Ouest Draft 1,Rap Contenders,P,,,
K5,2016/04/23,Peyo,RC Selection 1,Rap Contenders,P,,,
Mo The Fucker,2016/04/23,Yvan,RC Selection 1,Rap Contenders,P,,,
Bramzo,2016/04/23,Deejizz,RC Selection 1,Rap Contenders,P,,,
Benji,2016/04/23,Baboukas,RC Selection 1,Rap Contenders,P,,,
Freez,2016/04/23,Big Mak,RC Selection 1,Rap Contenders,P,,,
Watson,2016/04/23,FLR,RC Selection 1,Rap Contenders,P,,,
Tsuma H,2016/04/23,Ben Oncle,RC Selection 1,Rap Contenders,P,,,
SMK,2016/04/23,Rik T,RC Selection 1,Rap Contenders,P,,,
Jeiiem,2016/04/23,Tahine,RC Selection 1,Rap Contenders,P,,,
Jow Hellson,2016/04/23,Achille Talent,RC Selection 1,Rap Contenders,P,,,
YL,2016/04/23,Esope,RC Selection 1,Rap Contenders,P,,,
Bags,2014/04/19,Vator,RC Sud Est Draft 1,Rap Contenders,P,,,
Mespri,2014/04/19,Neuja,RC Sud Est Draft 1,Rap Contenders,P,,,
Krizoner,2014/04/19,Bibi,RC Sud Est Draft 1,Rap Contenders,P,,,
Bamba,2014/04/19,Tifreaks,RC Sud Est Draft 1,Rap Contenders,P,,,
Bledz,2014/04/19,Ruggiero,RC Sud Est Draft 1,Rap Contenders,P,,,
Fich,2014/04/19,Barox,RC Sud Est Draft 1,Rap Contenders,P,,,
Kemar,2014/04/19,Rik T,RC Sud Est Draft 1,Rap Contenders,P,,,
Andra,2014/10/04,Bledz,RC Sud Est Draft 2,Rap Contenders,P,https://youtu.be/QVRH2YfJNQo,,
Barox,2014/10/04,Baggs,RC Sud Est Draft 2,Rap Contenders,P,https://youtu.be/k77B-FY9WGA,,
Icare,2014/10/04,Mo The Fucker,RC Sud Est Draft 2,Rap Contenders,P,https://youtu.be/Msghn-XEO7A,,
Alvin,2014/10/04,Shapyro,RC Sud Est Draft 2,Rap Contenders,P,https://youtu.be/Cfvv_aruGrM,,
Bole Nastyvibes,2014/10/04,Jow Hellson,RC Sud Est Draft 2,Rap Contenders,P,https://youtu.be/BAKrxX5ziio,,
Sixfaces,2014/10/04,Flow,RC Sud Est Draft 2,Rap Contenders,P,https://youtu.be/Tr5e3ll7S_A,,
Lezko,2014/10/04,Kemar,RC Sud Est Draft 2,Rap Contenders,P,https://youtu.be/5YQbTay21Y0,,
Ultra Z,2014/10/04,Tahine,RC Sud Est Draft 2,Rap Contenders,P,https://youtu.be/I_1p41mi2dw,http://rap-battle.jeun.fr/t78124p40-draft-sud-est-2eme-edition-rap-contenders,
Saminem,2014/10/04,K-Owny,RC Sud Est Draft 2,Rap Contenders,P,https://youtu.be/8AQtFyrUiiY,,
Scarp,2014/10/04,Yvan,RC Sud Est Draft 2,Rap Contenders,P,https://youtu.be/l_XRv4zGR5Q,,
Tsuma H,2018/10/20,Njoy,RC Espoir LC,Rap Contenders,P,,,
Yvan,2018/10/20,Nem,RC Espoir LC,Rap Contenders,P,,,
Milo Creed,2018/10/20,Baboukas,RC Espoir LC,Rap Contenders,P,https://youtu.be/m6Cq8RrsHOc,,
Sixfaces,2018/10/20,Delta,RC Espoir LC,Rap Contenders,P,,,
Numero Zed,2018/10/20,Rik T,RC Espoir LC,Rap Contenders,P,https://youtu.be/vSkfFDyjAiM,,
Kynrou,2018/10/20,Oliver Twist,RC Espoir LC,Rap Contenders,P,,,
Walls,2017/01/14,Fascine,RC Sud Draft 1,Rap Contenders,P,,RC Sud Draft Montpellier,
Sidya,2017/01/14,Oliver Twist,RC Sud Draft 1,Rap Contenders,P,,RC Sud Draft Montpellier,
Church,2017/01/14,M7n,RC Sud Draft 1,Rap Contenders,P,,RC Sud Draft Montpellier,
Pticopek,2017/01/14,Hitch Cock,RC Sud Draft 1,Rap Contenders,P,,RC Sud Draft Montpellier,
Doc Brrown,2017/09/30,Terence,RC Ouest Espoir 1,Rap Contenders,P,,,
Rovazio,2017/09/30,Mezgo,RC Ouest Espoir 1,Rap Contenders,P,,,
Mad Loc,2017/09/30,Leustik,RC Ouest Espoir 1,Rap Contenders,P,,,
Arzul,2017/09/30,Marco,RC Ouest Espoir 1,Rap Contenders,P,,Mad Loc vs Adn1konu,
Airjee,2017/09/30,Kynrou,RC Ouest Espoir 1,Rap Contenders,P,,,
Mister J,2017/09/30,Milo Creed,RC Ouest Espoir 1,Rap Contenders,P,https://youtu.be/GUD8ZLdbsKw,MJ vs Milo Creed,
Tukeng,2017/09/30,Enerku,RC Ouest Espoir 1,Rap Contenders,P,,,
Sixfaces,2017/09/30,Super Mar-O,RC Ouest Espoir 1,Rap Contenders,P,,,
Triple V,2017/09/30,Numero Zed,RC Ouest Espoir 1,Rap Contenders,P,https://youtu.be/4B2zpJnjtz8,,
Tzigane,2011/09/25,Nigga,Back 2 Clashique 1,Back 2 Clashique,P,,Date ?,
Darwinn,2011/09/25,SeR,Back 2 Clashique 1,Back 2 Clashique,P,,Date ?,
SeR,2011/10/29,Tzigane,Back 2 Clashique 2,Back 2 Clashique,V,,,
Max,2011/10/29,Avy,Back 2 Clashique 2,Back 2 Clashique,D,,,
Brofa,2011/10/29,Baboukas,Back 2 Clashique 2,Back 2 Clashique,V,,,
Ballrog,2011/10/29,Solfo,Back 2 Clashique 2,Back 2 Clashique,V,,,
Resk-P,2011/12/18,Darwinn,Back 2 Clashique 3,Back 2 Clashique,D,,Date ?,
Nigga,2011/12/18,Djoloco,Back 2 Clashique 3,Back 2 Clashique,D,,Date ?,
Baboukas,2011/12/18,Tanuki,Back 2 Clashique 3,Back 2 Clashique,V,,Date ?,
Nigga,2012/04/01,Baboukas,Back 2 Clashique 4,Back 2 Clashique,V,,,
SeR,2012/04/01,Youm,Back 2 Clashique 4,Back 2 Clashique,V,,,
To2my,2012/04/01,Broffa,Back 2 Clashique 4,Back 2 Clashique,D,,,
Djoloco,2012/04/01,Lerdess,Back 2 Clashique 4,Back 2 Clashique,P,,Promo ? Ou Djoloco ?,
Jow Hellson,2015/10/10,Shapyro,RC Draft Lyon 1,Rap Contenders,P,,,
Cesar,2015/10/10,Deejizz,RC Draft Lyon 1,Rap Contenders,P,,,
Seboux,2015/10/10,K-Owny,RC Draft Lyon 1,Rap Contenders,P,,,
Tahine,2015/10/10,Mesrine,RC Draft Lyon 1,Rap Contenders,P,,,
Bole Nastyvibes,2015/10/10,Bledz,RC Draft Lyon 1,Rap Contenders,P,,,
Olive Brune,2015/10/10,Kenny TV,RC Draft Lyon 1,Rap Contenders,P,,,
Jeiiem,2015/10/10,Achille Talent,RC Draft Lyon 1,Rap Contenders,P,,,
Sopalone,2015/10/10,Skeg,RC Draft Lyon 1,Rap Contenders,P,,,
Tsuma H ,2015/03/22,Mister J,RC Draft Lille 1,Rap Contenders,P,https://youtu.be/m1Qs0i66nb8,Date ?,
Babtuch,2015/03/22,Dyster,RC Draft Lille 1,Rap Contenders,P,,Date ?,
Sado,2015/03/22,Kava,RC Draft Lille 1,Rap Contenders,P,https://youtu.be/Mprlzjy6eJ8,Date ?,
Jack Ardi,2015/03/22,Demi Negro,RC Draft Lille 1,Rap Contenders,P,,Date ?,
Wadi,2015/10/23,Enerku,Cross Over Battle,Cross Over Battle,V,https://youtu.be/ykK0ZvLf0hw,,
Da Gobleen,2015/10/23,Ubu,Cross Over Battle,Cross Over Battle,V,https://youtu.be/J3rPKppFBCw,,
Fatyo,2015/10/23,Ben Oncle,Cross Over Battle,Cross Over Battle,D,https://youtu.be/aWRtNZsdBAg,,
Maras,2015/10/23,Badak,Cross Over Battle,Cross Over Battle,V,https://youtu.be/kwBoksQW26Q,,
Kemar,2014/03/07,Le Baron,BAC,Battle A Capella,P,,,
FLR,2013/12/27,Moms,RBR 1,Rap Battle Revelation,V,,,
Abk,2013/12/27,Ito,RBR 1,Rap Battle Revelation,V,,,
Dadox,2013/12/27,Widkoost,RBR 1,Rap Battle Revelation,V,,,
Dadox,2014/02/23,Bouks,RBR 2,Rap Battle Revelation,V,,,
KRM,2014/02/23,Widkoost,RBR 2,Rap Battle Revelation,V,,,
Rik T,2014/02/23,MH,RBR 2,Rap Battle Revelation,V,,,
Riiz,2014/02/23,Mesrine,RBR 2,Rap Battle Revelation,V,,,
Rik T,2014/06/15,Le Cioner,RBR 3,Rap Battle Revelation,V,,,
Dadox,2014/06/15,La Caillasse,RBR 3,Rap Battle Revelation,V,,,
Nem,2014/06/15,Widkoost,RBR 3,Rap Battle Revelation,V,,,
Scouser,2014/06/15,Veggies,RBR 3,Rap Battle Revelation,?,,,
Nesto,2014/06/15,Stans,RBR 3,Rap Battle Revelation,D,,,
Bouks,2014/06/15,Mo The Fucker,RBR 3,Rap Battle Revelation,D,,,
FLR,2014/06/15,YL,RBR 3,Rap Battle Revelation,V,,,
Godie,2014/09/07,Del Clow,RBR 4,Rap Battle Revelation,D,https://youtu.be/bu_5yFH2zSc,,
Scarp,2014/09/07,Rik T,RBR 4,Rap Battle Revelation,P,,,
FLR,2014/09/07,Widkoost,RBR 4,Rap Battle Revelation,V,,,
Riiz,2014/09/07,Stans,RBR 4,Rap Battle Revelation,V,,Resultat ?,
La Caillasse,2014/09/07,Blaster,RBR 4,Rap Battle Revelation,D,,,
Paradoxe,2014/12/20,Ultra Z,RBR Granola,Rap Battle Revelation,P,,,
Leustik,2014/12/20,Kennaden,RBR Granola,Rap Battle Revelation,P,,,
Romeo,2014/12/20,KNBR,RBR Granola,Rap Battle Revelation,P,,,
Sabri,2014/12/20,Zedou,RBR Granola,Rap Battle Revelation,P,,,
Spyro,2014/12/20,Scouser,RBR Granola,Rap Battle Revelation,P,,,
Stifflers,2014/12/20,Heishi,RBR Granola,Rap Battle Revelation,P,,,
St Saoul,2015/03/14,Mo The Fucker,RBR 5,Rap Battle Revelation,D,,,
Enerku,2015/03/14,Gram,RBR 5,Rap Battle Revelation,V,,,
FLR,2015/03/14,Yvan,RBR 5,Rap Battle Revelation,D,,,
Lahcen Lupin,2015/03/14,Dadox,RBR 5,Rap Battle Revelation,V,,,
Riiz,2015/03/14,Jimmy Cena,RBR 5,Rap Battle Revelation,V,,,
Paradoxe,2015/03/14,Leustik,RBR 5,Rap Battle Revelation,D,,,
Moha,2015/03/14,Sabri,RBR 5,Rap Battle Revelation,D,,,
Rwz,2013/01/12,Dng,BR 1,Battle Royale,P,,,
Arnaud,2013/01/12,Kamicasawi,BR 1,Battle Royale,P,,,
Don Angel,2013/01/12,Kava,BR 1,Battle Royale,P,,,
Keyser,2013/01/12,Korozif,BR 1,Battle Royale,P,,,
Acolyte,2013/01/12,Kronicoeur,BR 1,Battle Royale,P,,,
Parano,2013/01/12,Mc Kopat,BR 1,Battle Royale,P,,Parano gagne,
So Loriginal,2013/01/12,Doze,BR 1,Battle Royale,P,,So Loriginal gagne,
Antrax,2013/01/12,Esemka,BR 1,Battle Royale,P,,,
Kava,2013/01/12,Billy J,BR 1,Battle Royale,P,,Kava gagne,
Dng,2013/05/04,Meh,BR 2,Battle Royale,V,,,
Morenz Nino,2013/05/04,Neshga,BR 2,Battle Royale,D,,,
CRC,2013/05/04,Le Cioner,BR 2,Battle Royale,?,,,
Slider,2013/05/04,MC Kopat,BR 2,Battle Royale,V,,,
Mister Ice,2013/05/04,K-Otik,BR 2,Battle Royale,V,,,
Kava,2013/05/04,Esemka,BR 2,Battle Royale,V,,,
Ida Thug,2013/05/13,Meh,BR Promo,Battle Royale,D,,Date ?,
Mister Ice,2013/05/13,Psycho,BR Promo,Battle Royale,V,,Date ?,
Tazer,2012/01/11,Moussa Said,BPZ 1 ,Battle PunchlinerZ,P,,Date ?,
Anysay,2012/05/05,Peji,BPZ 2,Battle PunchlinerZ,V,,Date ?,
Easy Dreams,2012/05/05,Sawyer,BPZ 2,Battle PunchlinerZ,P,,Date ?,
Saoboy,2012/05/05,Del Clow,BPZ 2,Battle PunchlinerZ,D,,Date ?,
Anisay,2012/06/29,Peji,BPZ 3,Battle PunchlinerZ,D,https://youtu.be/3Do1rqWXXKA,,
MH,2012/06/29,Erkat,BPZ 3,Battle PunchlinerZ,D,,,
Saoboy,2012/06/29,Proto,BPZ 3,Battle PunchlinerZ,V,,,
Bag Line,2012/07/18,YL,BPZ Bonus,Battle PunchlinerZ,V,,,
Kiddzy,2012/12/22,YL,BPZ 4,Battle PunchlinerZ,V,,,
Gravity Z,2012/12/22,MH,BPZ 4,Battle PunchlinerZ,V,,,
Sisko,2012/12/22,FKS,BPZ 4,Battle PunchlinerZ,D,,,
Del Clow,2012/12/22,Anysay,BPZ 4,Battle PunchlinerZ,V,,,
Saoboy,2012/12/22,Ice Kid,BPZ 4,Battle PunchlinerZ,D,,,
Lil One,2013/04/06,Soli,BPZ 5,Battle PunchlinerZ,V,,,
MKD,2013/04/06,Gravity Z,BPZ 5,Battle PunchlinerZ,D,,,
Ice Kid,2013/04/06,Del Clow,BPZ 5,Battle PunchlinerZ,V,,,
R-Mes,2013/09/07,Metek,BPZ Promo 1,Battle PunchlinerZ,D,,,
Soli,2013/09/07,Shockter,BPZ Promo 2,Battle PunchlinerZ,V,,,
Crazy Brain,2013/09/07,Stans,BPZ Promo 3,Battle PunchlinerZ,D,,,
R-Mes,2013/10/05,Andra,BPZ 6,Battle PunchlinerZ,D,,,
Soli,2013/10/05,Louzio,BPZ 6,Battle PunchlinerZ,D,,,
YL,2013/10/05,FKS,BPZ 6,Battle PunchlinerZ,P,,Impro,
MH,2013/10/05,Widkoost,BPZ 6,Battle PunchlinerZ,D,,,
Saoboy,2013/10/05,Tifreaks,BPZ 6,Battle PunchlinerZ,N,,,
Anysay,2013/10/05,Ice Kid,BPZ 6,Battle PunchlinerZ,V,,,
Lil One,2014/04/05,Louzio,BPZ 7,Battle PunchlinerZ,V,,,
DK8,2014/04/05,Tatin,BPZ 7,Battle PunchlinerZ,D,,,
Ice Kid,2014/04/05,Stans,BPZ 7,Battle PunchlinerZ,V,,,
Anysay,2014/04/05,Gravity Z,BPZ 7,Battle PunchlinerZ,D,,,
Widkoost,2014/04/05,Shockter,BPZ 7,Battle PunchlinerZ,V,,,
Adriano Ghost,2014/10/22,Romeo Leone,BPZ Promo 4,Battle PunchlinerZ,N,,Meme Romeo ?,
Blaster,2014/10/22,Childley,BPZ Promo 5,Battle PunchlinerZ,V,,,
Adson,2014/10/22,Le Gab,BPZ Promo 6,Battle PunchlinerZ,V,,,
FX,2014/10/22,Gasy,BPZ Promo 7,Battle PunchlinerZ,D,,,
Delta,2014/10/22,Crazy Brain,BPZ Promo 8,Battle PunchlinerZ,V,,,
FLR,2015/03/07,Gasy,BPZ 8,Battle PunchlinerZ,V,,,
Gravity Z,2015/03/07,Ice Kid,BPZ 8,Battle PunchlinerZ,D,,,
Soli,2015/03/07,Adson,BPZ 8,Battle PunchlinerZ,D,,,
Blaster,2015/03/07,YL,BPZ 8,Battle PunchlinerZ,D,,,
Baboukas,2015/05/30,Tekass,BPZ Promo 9,Battle PunchlinerZ,D,,,
Nick Banner,2015/05/30,Romeo Leone,BPZ Promo 10,Battle PunchlinerZ,V,,,
Le Gab,2015/05/30,Menphis,BPZ Promo 11,Battle PunchlinerZ,D,,,
Delta,2015/05/30,Spyro,BPZ Promo 12,Battle PunchlinerZ,D,,,
Baboukas,2015/12/12,FLR,BPZ 9,Battle PunchlinerZ,D,,,
YL,2015/12/12,Nesto,BPZ 9,Battle PunchlinerZ,D,,,
Slider,2015/12/12,Blaster,BPZ 9,Battle PunchlinerZ,V,,,
Parano,2015/12/12,Adson,BPZ 9,Battle PunchlinerZ,V,,,
Ntorito,2016/04/09,Brams,BPZ Promo 13,Battle PunchlinerZ,V,,,
Lyrix,2016/04/09,Kanima,BPZ Promo 14,Battle PunchlinerZ,V,,,
Marco,2016/04/09,Delta,BPZ Promo 15,Battle PunchlinerZ,D,,,
FLR,2016/06/04,Ice Kid,BPZ 10,Battle PunchlinerZ,V,,,
Ntorito,2016/06/04,Lyrix,BPZ 10,Battle PunchlinerZ,D,,,
Widkoost,2016/06/04,Nesto,BPZ 10,Battle PunchlinerZ,V,,,
Youm,2016/06/04,Blaster,BPZ 10,Battle PunchlinerZ,D,,,
Baboukas,2016/06/04,YL,BPZ 10,Battle PunchlinerZ,D,,,
Adson,2016/06/04,Nelson Barros,BPZ 10,Battle PunchlinerZ,P,,,
Cyclope,2016/10/12,Brackmard,BPZ Promo 16,Battle PunchlinerZ,D,,,
BGL,2016/10/12,Naary,BPZ Promo 17,Battle PunchlinerZ,V,,Naary = neary ?,
Crazy Brain,2016/10/12,Kanima,BPZ Promo 18,Battle PunchlinerZ,V,,,
Sanji,2016/10/12,Mister J,BPZ Promo 19,Battle PunchlinerZ,D,,,
Croco,2016/10/12,Leonishlass,BPZ Promo 20,Battle PunchlinerZ,D,,,
FLR,2017/02/11,Hugo,BPZ 11,Battle PunchlinerZ,P,,,
Ntorito,2017/02/11,Mister J,BPZ 11,Battle PunchlinerZ,D,,,
Crazy Brain,2017/02/11,Leonishlass,BPZ 11,Battle PunchlinerZ,D,,,
Lyrix,2017/02/11,Delta,BPZ 11,Battle PunchlinerZ,D,,,
Blaster,2017/02/11,Sabri,BPZ 11,Battle PunchlinerZ,V,,,
Nesto,2017/02/11,Brackmard,BPZ 11,Battle PunchlinerZ,D,,,
Baboukas,2017/02/11,Achille Talent,BPZ 11,Battle PunchlinerZ,N,,Achille Talent ?,
Milo Creed,2017/04/01,Oliver Twist,BPZ Promo 21,Battle PunchlinerZ,V,,,
Delta,2017/04/01,Leonishlass,BPZ Promo 22,Battle PunchlinerZ,V,,,
BYJ,2017/04/01,Super Mar-O,BPZ Promo 23,Battle PunchlinerZ,D,,,
Naary,2017/04/01,Kanima,BPZ Promo 24,Battle PunchlinerZ,V,,,
Marco,2017/04/01,Croco,BPZ Promo 25,Battle PunchlinerZ,N,,,
Sartre,2017/04/15,Phelles,BPZ Promo 26,Battle PunchlinerZ,V,,,
Haywire,2017/04/15,Joskiins,BPZ Promo 27,Battle PunchlinerZ,V,,,
Egauxprime,2017/04/15,Grizzly,BPZ Promo 28,Battle PunchlinerZ,D,,,
YL,2017/05/20,FLR,BPZ 12,Battle PunchlinerZ,D,,Titre,
Super Mar-O,2017/05/20,Mister J,BPZ 12,Battle PunchlinerZ,D,,,
Lyrix,2017/05/20,Nesto,BPZ 12,Battle PunchlinerZ,V,,,
Leonishlass,2017/05/20,Ntorito,BPZ 12,Battle PunchlinerZ,V,,,
Croco,2017/05/20,Delta,BPZ 12,Battle PunchlinerZ,D,,,
ZUF,2017/10/07,Manu HK,BPZ Promo 29,Battle PunchlinerZ,V,,,
Falkor,2017/10/07,Byskred,BPZ Promo 30,Battle PunchlinerZ,V,,,
Roma,2017/10/07,Nucky,BPZ Promo 31,Battle PunchlinerZ,V,,,
Jo,2017/10/07,Cam,BPZ Promo 32,Battle PunchlinerZ,V,,,
Egauxprime,2017/10/07,Haywire,BPZ Promo 33,Battle PunchlinerZ,D,,,
Alif,2011/12/11,T-Smoke,WarClash,War Clash,V,https://youtu.be/E78s1KyUHyc,Date ?,
Amson,2011/12/11,Ruba,WarClash,War Clash,D,,Date ?,
Etanom,2011/12/11,Ciccio,WarClash,War Clash,V,,Date ?,
Iaco,2011/12/11,Minez,WarClash,War Clash,D,,Date ?,
Junior Mind,2011/12/11,Etanom,WarClash,War Clash,D,,Date ?,
Mister I ,2011/12/11,Etanom,WarClash,War Clash,D,,Date ?,
Atr,2013/01/23,Tatin,Barclays,Barclays Connexion,D,https://youtu.be/8NQSPiJlWFc,Date ?,Presente par YL et Del Clow
Mankiker,2013/01/23,Biggi,Barclays,Barclays Connexion,V,https://youtu.be/tSLs7vuP_As,Date ?,Presente par YL et Del Clow
K-dor,2011/11/06,BIL,CallOfMCs 1,Call Of MCs,P,https://youtu.be/NLHvN3LwjoY,,
Cassos,2011/11/06,Ilyes,CallOfMCs 1,Call Of MCs,P,https://youtu.be/nGS5T9G9h3Y,,
Rik T,2011/11/06,Dspr,CallOfMCs 1,Call Of MCs,P,https://youtu.be/gRHYnC6cUk0,,
KR,2012/01/10,Cassos,CallOfMCs 2,Call Of MCs,D,https://youtu.be/6BrLfZhwJMw,,
Cale,2012/01/10,Cassos,CallOfMCs 2,Call Of MCs,P,https://youtu.be/ESgwXbDzATk,,
Rik T,2012/01/10,Baskem,CallOfMCs 2,Call Of MCs,P,https://youtu.be/fETPZ_AViCc,,
Rik T,2012/01/10,Double V,CallOfMCs 2,Call Of MCs,P,https://youtu.be/cgOjzlcNgwo,,
Costart,2012/01/10,K-dor,CallOfMCs 2,Call Of MCs,P,https://youtu.be/ucRWAZqkN3g,,
Cassos,2012/03/06,Easycore,CallOfMCs 3,Call Of MCs,P,https://youtu.be/hWWcvoIrXtA,,
K-dor,2012/03/06,Shino,CallOfMCs 3,Call Of MCs,P,https://youtu.be/XrPuL3degV4,,
Brigitte,2012/03/06,Mans,CallOfMCs 3,Call Of MCs,P,https://youtu.be/XrPuL3degV4,,
Dollby,2013/05/14,Joksad,CallOfMCs 5,Call Of MCs,P,,Vraiment existe ?,
Kevin,2013/05/25,Metek,Shab Contenders,Shab Contenders,P,https://youtu.be/_-EwOtUiakw,Date ? Kevin vs Salah,
TMG,2012/01/26,MC Cienlu,Clashers 0,Clashers,V,,Date?,
Machala,2012/01/26,MISA,Clashers 0,Clashers,D,,Date?,
MISA,2012/01/26,Dims,Clashers 0,Clashers,D,,Date?,
Bandicoot,2012/02/18,Turkiflow,Clashers 1,Clashers,V,https://youtu.be/nKZ40axA4eM,,https://www.facebook.com/Clashers-330793556943295
MC TimTim,2012/02/18,Rakfive,Clashers 1,Clashers,?,,,
Sweety,2012/03/14,Toni,Clashers 1,Clashers,?,,Date?,
Youss,2011/12/03,Yassine,Berthelo Contenders 1,Berthelo Contenders,?,,Date ?,
MC Drake,2011/12/03,Bilarton,Berthelo Contenders 2,Berthelo Contenders,?,,Date ?,
Doubass,2011/12/03,Danii,Berthelo Contenders 3,Berthelo Contenders,?,,Date ?,
Sofiane,2011/12/03,Youss,Berthelo Contenders 4,Berthelo Contenders,?,,Date ?,
Baboukas,2018/03/30,Payne,Verbaligue 1,Verbaligue,V,,,
Marco,2018/03/30,Coke Squeez,Verbaligue 1,Verbaligue,V,,,
Falkor,2018/03/30,Rovazio,Verbaligue 1,Verbaligue,D,,,
